Mention,Count
brexitu,135
EU,113
Británie,99
Evropské unie,74
brexit,73
Británii,54
Londýn,40
Pákistánu,35
Brexit,32
Bibiové,30
Bibiová,29
Mohameda,28
Britové,28
Theresa Mayová,27
Mayové,26
Mayová,26
evropská komise,25
Bruselu,25
Asia Bibiová,25
donald trump,22
Irskem,22
Spojeného království,21
trump,21
Reuters,21
BBC,21
Tehríke Labajk,20
Velké Británie,19
Sněmovna lordů,19
Británií,19
TLP,19
Velká Británie,19
Severním Irskem,19
Theresy Mayové,18
Bibiovou,17
ČTK,16
Evropy,16
usa,16
Pákistánský nejvyšší soud,16
Dolní sněmovna,15
eu,15
Asii Bibiové,15
Spojené království,15
Evropská komise,15
Česko,14
Londýně,14
AP,14
Evropskou unií,14
Michel Barnier,13
Britů,13
Boris Johnson,12
AFP,12
Islámábád,11
Paňdžáb,11
Bruselem,11
trumpa,11
britského parlamentu,11
Londýna,11
konzervativci,11
Rávalpindí,10
evropě,10
brexitem,9
evropské komise,9
Brusel,9
Mayovou,9
Brity,9
Barnier,9
Mulúk,9
Saif Mulúk,9
David Davis,8
Britský parlament,8
Evropská unie,8
Britům,8
Islámábádu,8
The Guardian,7
Donald Trump,7
Irsku,7
Sněmovně lordů,7
Irskou republikou,7
Johnson,7
Asii Bibiovou,7
trumpovi,6
trumpova,6
evropské unie,6
USA,6
Lordi,6
twitteru,6
Theresu Mayovou,6
Sněmovny lordů,6
Anglie,6
Francie,6
Španělsko,6
američané,6
Evropské unii,6
Česka,6
česká republika,6
spojených státech,5
ČR,5
Číny,5
bruselu,5
hillary clintonová,5
Barniera,5
Evropské rady,5
Andrej Babiš,5
Spojenému království,5
České republiky,5
Severním Irsku,5
Davis,5
evropskou komisí,5
Evropské komise,5
Londýnem,5
Londýnu,5
spojených států,5
HN,5
donalda trumpa,5
česku,5
Severní Irsko,5
konzervativců,5
labouristé,5
Severního Irska,5
české republice,5
Evropskou unii,5
česko,5
Spojené státy,5
Nissan,5
čr,5
Evropského parlamentu,5
labouristů,5
Evropu,5
Indie,5
německu,5
Šafík Amíní,5
Donalda Trumpa,4
Mohamedovi,4
americe,4
Česku,4
Itálie,4
ek,4
Itálii,4
facebooku,4
Airbus,4
evropský parlament,4
Asii Bibi,4
Philip Hammond,4
Pákistánci,4
evropské komisi,4
Trump,4
Chádim Husajn Rizví,4
Konzervativní strany,4
Davidem Davisem,4
britský parlament,4
Velké Británii,4
Financial Times,4
reuters,4
EuroZprávy.cz,4
Spojeným královstvím,4
Tusk,4
trumpův,4
UKIP,4
Liam Fox,4
Španělsku,4
Asiu Bibiovou,4
Islámábádem,4
Německu,4
Brexitu,4
The Sun,3
Bibi,3
volkswagen,3
Japonci,3
Bravermanová,3
microsoft,3
Evropa,3
Irska,3
Estera Ameszová,3
evropského parlamentu,3
pákistánského nejvyššího soudu,3
BuzzFeed News,3
Suella Bravermanová,3
čtk,3
Rumunska,3
Therese Mayové,3
Tom Williams,3
východní Evropy,3
trumpovy,3
hillary clintonové,3
Rumunsku,3
czexitu,3
Jiří Hošek,3
Facebooku,3
Wales,3
českou republiku,3
europarlamentu,3
Kanady,3
whatsapp,3
Evropané,3
velká británie,3
věra jourová,3
Pákistán,3
barack obama,3
LONDÝN,3
Asia Bibi,3
Bombaji,3
EU27,3
Strany nezávislosti Spojeného království,3
Japonska,3
Světové obchodní organizace,3
Facebook,3
Donald Tusk,3
google,3
Háfiz Saíd,3
Unie,3
evropskou komisi,3
KDU-ČSL,3
Airbusu,3
googlu,3
ap,3
ruska,3
DPA,3
washington post,3
Cambridge Analytica,3
Francii,3
trumpově,3
čt24,3
Borise Johnsona,3
brusel,3
Konzervativní strana,3
Skotsko,3
Českem,3
konzervativní strany,3
Kadrího,2
rusko,2
Jean-Claude Juncker,2
erú,2
Austrálie,2
The Sunday Times,2
Berlína,2
české republiky,2
lupa.cz,2
řecko,2
google search,2
Pavel Svoboda,2
Číně,2
hillary,2
cadillacu,2
Nigel Farage,2
Theresou Mayovou,2
Praha,2
Bankse,2
donaldu trumpovi,2
linkedin,2
Norsku,2
Svoboda,2
bílého domu,2
Labouristé,2
Belgie,2
kanady,2
německo,2
fbi,2
La Manche,2
fairsearch,2
Mumtáz Kadrí,2
etias,2
donald,2
Bank of England,2
Tony Blair,2
praze,2
čína,2
řecku,2
Dánska,2
Buzzfeed,2
Davida Davise,2
Evropský soudní dvůr,2
washingtonu,2
amazon,2
James McGory,2
facebook,2
new yorku,2
Norsko,2
Asia Noreenová,2
trumpových,2
Asie,2
margrethe vestagerová,2
Dublinu,2
Nevilla Chamberlaina,2
euractiv.cz,2
Alena Schillerová,2
Německa,2
Leave.EU,2
Bukurešti,2
Ashiq Masih,2
Citigroup,2
Mnichově,2
Češi,2
linkedinu,2
Citibank Europe,2
Williams,2
Schillerová,2
wikipedia,2
spojených států amerických,2
liberálních demokratů,2
Polsku,2
Velkou Británií,2
People's Vote,2
Citi-bank Europe,2
Norska,2
SoftBank,2
androidu,2
Evropském parlamentu,2
Edinburghu,2
Okamura,2
Vince Cable,2
The Independent,2
ICM,2
queensu,2
lucembursku,2
Konzervativní cesta vpřed,2
clintonová,2
mpo,2
EP,2
Bulharska,2
cia,2
trump organization,2
Jaguar Land Rover,2
týden.cz,2
clintonové,2
WTO,2
microsoftu,2
evropy,2
číně,2
Zavar Husain Varaič,2
Rakousku,2
ruskem,2
Supreme Court,2
PRAHA,2
česká televize,2
Tasír,2
Ijaz Ašrafí,2
New Yorku,2
německa,2
czexit,2
studené války,2
Čechů,2
Multán,2
Vauxhall,2
Ameszová,2
Donaldu Trumpovi,2
Evropanů,2
Pakistánu,2
ivana zelníčková,2
Conservative Way Forward,2
SPD,2
energetický regulační úřad,2
The Telegraph,2
Downing Street,2
hillary clintonovou,2
Alžběty II,2
asie,2
trumpem,2
američanů,2
Vote Leave,2
Black Friday,2
manhattanu,2
amerického kongresu,2
ministerstvu pro brexit,2
Twitteru,2
Alžběty II.,2
Úřadu pro rozpočtovou zodpovědnost,2
Irsko,2
ministerstva pro brexit,2
new york,2
Rusko,2
Merkelová,2
Toby Melville,2
Babiš,2
Ašik Masíh,2
Koji Tsuruoka,2
Sobíšek,2
trump tower,2
europoslanci,2
Evropském hospodářském prostoru,2
EHP,2
Cooper,2
Political Betting,2
Nomura,2
new york times,2
Masíh,2
Velkou Británii,2
Matteo Salvini,2
Skotové,2
Ellesmere Port,2
West Midlands,2
hillary clinton,2
Albion,2
Amber Ruddová,2
Liverpoolu,2
republikánskou stranu,2
Konzervativci,2
Čech,2
indianě,2
BBC News,2
Zdeněk Turek,2
Business Insider,2
evropa,2
Němci,2
elžbieta bieńkowská,2
Nizozemska,2
Bloomberg,2
Winstonem Churchillem,2
Johnsonovy,2
Jeremy Hunt,2
Angličané,2
evropská unie,2
amerika,2
Dánsku,1
trumpovu,1
Astra,1
slovensku,1
Saif ul Malúka,1
lamborghini diablo vt roadster,1
Aasiya Noreenové,1
barrona williama,1
rádio beat,1
Daniela Křetínského,1
Křetínský,1
Justine Greeningová,1
galileo,1
velkou británii,1
moskvy,1
Leave,1
Ruskem,1
drumpf,1
UniCreditu,1
pnr,1
top 09,1
Frentech Aerospace,1
Východoevropané,1
pavlína nečásková,1
rusku,1
natasha bertaudová,1
jan nehoda,1
Lotyska,1
Rizvího,1
Andrejem Babišem,1
Alina,1
evropské unii,1
grand hyatt hotel,1
japonska,1
silicon valley,1
oxfordské univerzity,1
hillaryně,1
Čínou,1
nevadě,1
Rusku,1
Baker McKenzie,1
ivicou dačičem,1
France 2,1
wharton,1
pavel novák,1
Damian Collins,1
Saifu Mulúkovi,1
spojenému království,1
Římě,1
rothschildové,1
billu clintonovi,1
česka,1
vw,1
Brit,1
mercedesem s 600,1
ministerstvo životního prostředí,1
Liz Bilney,1
Národní knihovny medicíny Spojených států amerických,1
skotska,1
radka burketová,1
whatsappu,1
putin,1
Nejvyššího soudu,1
Channel 4,1
chevrolet camaro ss,1
Radim Fiala,1
Aleksandr Kogan,1
Policy Exchange,1
John Kerr,1
putinovi,1
Týdeník Echo,1
bmi,1
Zlí chlapci brexitu,1
NYTimes,1
Federální komise pro obchod,1
Italská Poslanecká sněmovna,1
science and technology facilities council,1
europoslanec,1
betzdorf,1
Merkelové,1
Pomoc pro pronásledované křesťany,1
Polska,1
LN,1
evropskému parlamentu,1
brian may,1
článku 50 Lisabonské smlouvy,1
Stropnickým,1
radek rozvoral,1
kovačovské,1
die welt,1
americká centrální banka,1
Institutu mezinárodních studií FSV UK,1
Alina Stanová,1
Transpacifické partnerství,1
donalda jr.,1
Zaorálkovi,1
wal-mart,1
Adrees Latif,1
kate,1
trumpovo,1
forbes.com,1
Josefa Jiráska,1
Nejvyššímu soudu,1
EK,1
Českého rozhlasu,1
KSČM,1
donaldovo,1
José María Álvarez-Pallete López,1
Ježíš Kristus,1
Eurokomisaři,1
pařížské klimatické dohody,1
Elisabeth Badinterovou,1
viber,1
Fauád Čaudhrí,1
rady čtú,1
ornelly,1
Sussex,1
Bosch,1
české ministerstvo dopravy,1
Norskem,1
Luc Ferry,1
Pákistanky,1
UK,1
štěpán chalupa,1
Hlas lidu,1
Lucembursku,1
Angličanů,1
roberts,1
Evropského hospodářského prostoru,1
Rani,1
Kadrí,1
Špicar,1
wirt yerger,1
Lahore,1
dieselgate,1
Asie Bibi,1
Slovensku,1
De La Rue,1
erdogana,1
Robert Badinter,1
zlína,1
TV Nova s.r.o,1
play store,1
Steve Baker,1
Filton,1
DUBLIN,1
dell,1
"výborem pro digitální technologie, kulturu, média a sport britského parlamentu",1
sony,1
us,1
Steffen Hoffmann,1
miguel arias cañete,1
Kobza,1
Lamanšský průliv,1
Indy,1
rada eu,1
Šáhbáze Bhattího,1
detroit,1
obamův,1
EURACTIV.cz,1
Irum Asim,1
christiana wiganda,1
Hans Štembera,1
kik,1
František,1
facebook messenger,1
ministerstvo vnitra české republiky,1
bertaudová,1
federálního rezervního systému,1
Brexitem,1
maps,1
Joseph Brady,1
donadl trump,1
Jeremy Corbyn,1
čínou,1
italexitu,1
severním Irskem,1
e15.cz,1
juncker,1
morganů,1
twitter,1
olga letáčková,1
Tom Campbell,1
ano,1
petra pellegriniho,1
james comey,1
iráku,1
veronika vároši,1
Strukturální a investiční fondy EU,1
tomio okamura,1
nizozemsko,1
mclarenem,1
Corbyn,1
Paříže,1
mercedesu,1
konečná,1
Evropské centrální banky,1
Demokratické unionistické strany,1
mary,1
Johnsonovým,1
Evropskou komisi,1
NATO,1
mississippi,1
czech free press,1
PSA Group,1
Rádio Svobodná Evropa,1
Národní farmářská unie,1
marcelem gajdošem,1
walker,1
fed,1
Nové vlámské aliance,1
Juncker,1
nasa,1
adele,1
oettinger,1
"výboru britského parlamentu pro kulturu, média a sport",1
Focus,1
Nizozemsko,1
SCL Group,1
Asiin,1
john minchillo,1
hilase,1
Warwickshirem,1
jindříšek kissinger,1
Oakeshottová,1
Damian Green,1
Rizví,1
Babišem,1
taj mahal,1
Britka,1
Dolní sněmovně,1
donalda,1
ján šebo,1
p.c.roberts,1
Breitbartu,1
Brendan O'Leary,1
trumpovým,1
deutsche bank,1
Ernou Solbergovou,1
michigan,1
kisiliov,1
rolls-roycu,1
HVC,1
Národní centrály proti organizovanému zločinu,1
Britská obchodní komora v ČR,1
Banksových,1
walkera,1
Macrona,1
euro.cz,1
Kanady ,1
"ministerstvem školství, mládeže a tělovýchovy",1
Tokia,1
Spojených státech,1
fox news,1
ministerstvem průmyslu a obchodu,1
microsoft office,1
Tereze H.,1
roadster,1
brazílii,1
Terrie Simpsonová,1
ivaně zelníčkové,1
čínu,1
Sajid Javid,1
emeriky,1
Boba Posnera,1
Telefóniky,1
Marka Zuckerberga,1
demokraty,1
českénoviny.cz,1
slovensko,1
ornella koktová,1
Bohuslava Sobotky,1
facebookem,1
bernieho sanderse,1
Foxe,1
Italy,1
Bristolu,1
Chán,1
dáma.cz,1
Andrej Babiše,1
Collins,1
československa,1
Národního zemědělského svazu,1
Wilson Chowdrhy,1
oracle,1
Puiu Jonut,1
číny,1
melania knauss,1
indianapolis,1
o’briena,1
security magazínu,1
Sýrie,1
Hošek,1
britského ministerstva dopravy,1
Maltě,1
esta,1
fzú,1
clintonovou,1
Fenix Trading,1
toryové,1
Allahu,1
Konzervatiní strana,1
Praze,1
stounům,1
brexit ,1
Švédska,1
italexit,1
Trumpovi,1
michel d’antonio,1
škoda auto,1
evropskou radou,1
joe bidena,1
babiš,1
svět,1
Echo24.cz,1
Kotršál,1
obamova,1
Michelle Jany Chanové,1
time,1
apprentice,1
Švýcarsko,1
Hammond,1
Španělska,1
Keir Starmer,1
kongresu,1
erica,1
babiše,1
isis,1
švýcarského federálního institutu technologií,1
brexitu ,1
extra.cz,1
miloše zemana,1
welt am sonntag,1
Jurásková,1
úřadu pro certifikaci vozů,1
nwo,1
kanadě,1
ministerstva pro místní rozvoj,1
Tom Brake,1
dg mare,1
dienstbierovo,1
SamaaTV,1
People’s Vote,1
generálního ředitelství pro regionální a městskou politiku,1
Pavel Sobotka,1
věry jourové,1
dg regio,1
turecka,1
Radě EU,1
mossad,1
"fio banka, a.s.",1
manchesteru united,1
Turecku,1
Poláci,1
AggregateIQ,1
Lidovci,1
ONS,1
Svazu průmyslu,1
patricka zandla,1
Sinn Féin,1
Evropské komisi,1
cadillac escalade,1
hate free,1
search,1
douglas adams,1
mercedesem,1
Skoti,1
atlantě,1
Marrákeši,1
kalifornii,1
dromb,1
Philipa Hammonda,1
windows,1
českého statistického úřadu,1
český statistický úřad,1
Skotska,1
bbc,1
čssd,1
stfc,1
Paříži,1
Rusovi,1
putinova,1
TPP,1
Robert Mercer,1
microsoftem,1
Corbyna,1
Miladě,1
Evropa v souvislostech,1
Queen's University v Belfastu,1
Mark Zuckerberg,1
generálního ředitelství pro námořní záležitosti a rybolov,1
Hitlera,1
politifact.com,1
Pákistánu ,1
konzervativní straně,1
Maďarska,1
Alžběta II.,1
Preben Aamann,1
Iráku,1
ameriku,1
The Bank of England,1
faa,1
Estonska,1
spd,1
ondřeje malého,1
Českou republikou,1
Cambridge Analytiku,1
tennessee,1
Rumuni,1
labouristy,1
honda nsx,1
Mulúka,1
Martin Stropnický,1
applu,1
recepe tayyip erdogan,1
ECB,1
Pierre-André Taguieff,1
Lukáš Vaněk,1
Americe,1
kent walker,1
Spojenými státy,1
osn,1
Amber Ruddové,1
Bergeracu,1
angelu merkelovou,1
warburgů,1
havajských ostrovech,1
Kovanda,1
blízkého východu,1
günther oettinger,1
Táhir Mahmúd,1
Východoevropanů,1
španělsko,1
obama,1
Švédskem,1
ahaonline.cz,1
Kanadou,1
Čechy,1
Macron,1
Guy Verhofstadt,1
adwords,1
Pacifiku,1
Petr Kotršál,1
ministerstva pro vystoupení z EU,1
Hunta,1
Chemnitzu,1
šefčovič,1
BMW,1
Nicola Whiteová,1
wisconsin,1
Muhammada Afzala Kadrího,1
A380,1
Britských ostrovech,1
Imran Chán,1
KLDR,1
italské ministerstvo zahraničí,1
Ježíše,1
trumoff,1
rockefelleři,1
snapchat,1
konzervativcům,1
Pákistánský Nejvyšší soud,1
ČSSD,1
Česká republika,1
withorna,1
vladimír špidla,1
ACS,1
Gibraltaru,1
Unií,1
bestie,1
blesk.cz,1
skype,1
rockefellerů,1
kisiliova,1
le mans,1
saúdy,1
Generali CEE Holding,1
donaldovy,1
John Cooper,1
Vánoc,1
Vatikánu,1
Třinecké železárny – Moravia Steel,1
Italové,1
Agence Eleonor,1
The New York Times,1
play storu,1
Evropany,1
berlín,1
williama,1
transatlantickém obchodním a investičním partnerství,1
sport.cz,1
evropané,1
NYT,1
Dordogne,1
dušan neumann,1
gmail,1
Dawn,1
James Slack,1
citibank,1
Malúk,1
lukáš kovanda,1
new york city,1
Verhofstadt,1
Devon,1
Svazu průmyslu a dopravy,1
komise,1
Evropského sdružení volného obchodu,1
donaldem,1
vojta korduliak,1
Běloruska,1
Svozil,1
killary,1
MAFRA,1
Banksovi,1
GeoTV,1
nancy gibsová,1
Koránu,1
prima zoom,1
nike storu,1
Europoslanci,1
Banksem,1
marii maples,1
Johnsonova,1
The Bad Boys of Brexit,1
Rani Bibiovou,1
Hussainovi,1
okamurovo,1
nenáviď svobodné,1
nbc,1
Harolda Macmillana,1
vitásková,1
Anne Hidalgová,1
Slovinska,1
skotského parlamentu,1
Škoda Auto,1
Angus Woods,1
PETRÁČEK,1
kovačovská,1
Daily Mirror,1
nga,1
Banks,1
Péšávaru,1
billa clintona,1
ivanku,1
Pavla Svobody,1
Dublin,1
zuzany roithové,1
google nákupy,1
bastiana schweinsteigera,1
trasburku,1
Andrej Babi,1
coach‘s award,1
Simpsonová,1
Českou republiku,1
rolling stones,1
digitaleurope,1
Bratislavě,1
bohuslava sobotky,1
charlie buckelsovi,1
Rushdie,1
Michelu Barnierovi,1
novinky.cz,1
tomáš prouza,1
john mccain,1
tiffany,1
Guardian,1
Morselli,1
fio banka,1
orbána,1
komory oze,1
Kanadu,1
Centre for European Reform,1
fedu,1
Radě Evropské unie,1
jan habart,1
Londýnané,1
Brad Parscale,1
mexikem,1
Sturgeonová,1
Gemalto,1
Chrise Graylinga,1
litvě,1
radim fiala,1
Eymetu,1
České národní banky,1
Salmána Tasíra,1
Chemnitz,1
moniku lewinskou,1
omega,1
Kirsten Mehrovou,1
Nejvyí soud,1
Davida Marka,1
maybachem,1
cbs news,1
kew-forest,1
panasonic,1
štefan füle,1
Bukureti,1
utah,1
harvey miller,1
Ellou,1
Alláh,1
David David,1
noci dlouhých nožů,1
jeff bezos,1
Radek Špicar,1
apple,1
Indií,1
Shutterstock,1
transatlantické obchodní a investiční partnerství,1
Supreme Court of Pakistan,1
Láhauru,1
Rusové,1
českou republikou,1
Multanu,1
generálního ředitelství pro zemědělství a rozvoj venkova,1
Economia,1
frans timmermans,1
junker,1
america,1
Pixmac,1
Bannon,1
Jaroslav Ibehej,1
Zaorálka,1
rady,1
cnews.cz,1
Mexika,1
Shaw,1
Evropského soudu,1
summitu G7,1
fred,1
jorgose kyritsise,1
Andy Wigmore,1
edwardse,1
europoslance,1
Jean-Claude Zylberstein,1
Dolné sněmovně,1
Pákistánem,1
bezose,1
Petra Macková Jurásková,1
David Lidington,1
maroš šefčovič,1
Aggregate IQ,1
Arrona Bankse,1
ascap,1
ivanka,1
Francesca McDonaghová,1
Saqib Nisarm,1
ESVO,1
Mnichovem,1
timothy o’brien,1
prism,1
josé manuel barroso,1
federální letecká správa,1
okamura,1
cadillac,1
kateřiny konečné,1
dimitris avramopulos,1
Bank of Ireland,1
Commonwealth,1
torontu,1
ksčm,1
hr forum,1
bernie sanders,1
Martin Mejstřík,1
Wigmorea,1
Politico,1
"generálního ředitelství pro zaměstnanost, sociální věci a sociální začleňování",1
Soudního dvora EU,1
Tereze,1
Wylie,1
Výbor pro záležitosti Severního Irska,1
Britské pákistánské křesťanské asociace,1
čt,1
republikánů,1
TÝDEN.CZ,1
donaldem trumpem,1
korzo,1
Zdeněk Štěpánek,1
Duncan Brewer,1
Jana Kuttelwaschera,1
Host Lucie Výborné,1
Ripon,1
Křetínského,1
Evropské Unie,1
Samaa,1
britského statistického úřadu,1
článek 50,1
skotský parlament,1
wisconson,1
Novinky.cz,1
trumpů,1
Lidington,1
Tomio Okamura,1
tier iv,1
stan,1
Ameriky,1
ministerstva průmyslu a obchodu,1
dg agri,1
Noreenová,1
Evropského sociálního fondu,1
Wigmore,1
ČT,1
aerosmith,1
zemí Společenství,1
stopařova průvodce,1
amazonu,1
Miriam Ibrahim,1
iphonu,1
miss universe organization,1
Sam Lowe,1
Terramet,1
Channel Five,1
Robert Redeker,1
Teda Cruze,1
Le Figaro,1
nbú,1
Bad Boys of Brexit,1
Collinse,1
Indové,1
České republice,1
brian,1
Isabela Oakeshottová,1
ministerstvo pro brexit,1
Německo,1
BuzzFeed,1
Finska,1
svob. rádiu,1
Donaldem Trumpem,1
Nejvyšší soud,1
lucembursko,1
forbes,1
Zdechovský,1
Europoslanec,1
Japonce,1
miss universe,1
ebayi,1
Hnutí pěti hvězd,1
Il Giornale,1
Evropan,1
forbes 400,1
Liga,1
UniCredit Bank,1
Britské obchodní komory v ČR,1
beast,1
Fotobanka Profimedia,1
marlou maples,1
Bulhaři,1
Michelem Barnierem,1
odpovědi.cz,1
madura,1
ttip,1
aktuálně.cz,1
Pařížské dohody,1
baracka obamy,1
j. c. juncker,1
Merkelovou,1
Cambridge Analyticy,1
security magazín,1
Rakouska,1
alan pomerantz,1
FTC,1
ana ivanovičová,1
Evropská rada,1
ivany trumpové,1
mexiko,1
Sheikhupura,1
Estonsko,1
putina,1
Pákistánský nejvyí soud,1
američanům,1
libyi,1
Farageovy,1
peníze.cz,1
Spojeném království,1
Emmanuel Macron,1
bezos,1
bloomberg,1
lamborghini,1
afroameričané,1
Čína,1
Sněmovnou lordů,1
Miroslav Diro,1
ANO,1
phantomu,1
Farage,1
Komise,1
friedrich,1
Chanová,1
Asia Bibiovou,1
Plymouthu,1
britském ministerstvu pro brexit,1
Ibehej,1
daniel braun,1
Čechách,1
junkera,1
university of southern california,1
aténám,1
clevelandu,1
forbesem,1
Jiná Británie,1
Washingtonu,1
le monde,1
Útvaru pro odhalování organizovaného zločinu,1
Uhurua Kenyatty,1
Irským ostrovem,1
praha,1
aleny vitáskové,1
Tea Party,1
vladimíra putina,1
Ježíše Krista,1
Evropě,1
ukrajiny,1
Dannyho Shawa,1
Chong-Alay,1
ČNB,1
dmitrij kisiliov,1
Liberálních demokratů,1
ivanou trumpovou,1
Švýcarska,1
AG Recruitment and Management,1
česká národní banka,1
Hospodářským novinám,1
fyzikálního ústavu av čr,1
Oxfordu,1
bill,1
Pavel Sobíšek,1
Farageovými,1
fieldingova,1
erich unterwurzacher,1
velké británie,1
yahoo,1
britská komise pro kontrolu financování politických kampaní,1
Angely Merkelové,1
svobodný monitor,1
Prahy,1
Michela Barniera,1
Pakistánem,1
google chrome,1
vojtěch cinert,1
Muhammad Sajjad,1
karmenu vella,1
Broughton,1
republikánské strany,1
Sky News,1
Češky,1
ComRes,1
německé ministerstvo dopravy,1
Oliver Wyman,1
wisconsinu,1
PSA,1
zbigniew brzezinski,1
Chorvatsku,1
cbs,1
španělsku,1
británie,1
Johnsona,1
o’brien,1
Greena,1
Barnierovi,1
izraele,1
marylandu,1
AIQ,1
lisabonské smlouvy,1
Aston Martin,1
ekolist.cz,1
ivanka trump,1
h2020,1
Anglii,1
academia,1
Michelovi Barnierovi,1
DUS,1
The Sunday Telegraph,1
Nigelem Faragem,1
zeman,1
Italexit,1
chorvatsko,1
agenturu pro pomoc uprchlíkům,1
Kerr,1
admob,1
dg empl,1
K.M. Chaudary,1
Miroslav Singer,1
britským parlamentem,1
polsko,1
gps,1
matthias müller,1
Československa,1
Hospodářské komory,1
Masih,1
VCA ,1
britském parlamentu,1
dimitris avromopulos,1
Tereza H.,1
jihoafrické republice,1
ebay,1
Kogan,1
skandinávii,1
spojeným státům,1
egejském moři,1
Priti Patelová,1
Francesco Lepore,1
sýrii,1
pavla janoušková,1
Radiožurnál,1
general motors,1
navrátil,1
auto.cz,1
profimedia.cz,1
tomáš neřold,1
demokratickou stranu,1
Němec,1
Pavel Bělobrádek,1
bohumila vostala,1
Damiena Greena,1
General Motors,1
rothschildů,1
Rumunsko,1
Kristus,1
Slovenska,1
litvy,1
visa europe,1
The Daily Telegraph,1
Radiožurnálu,1
Římské deklaraci,1
Plymouth,1
Kanada,1
slovinska,1
tesla,1
ivanovičovou,1
mercedes-benz slr mclaren,1
A400M,1
Faisalábádu,1
emil kalabus,1
Daily Express,1
Lisabonské smlouvě,1
silver cloudem,1
VCA,1
Evropského fondu pro regionální rozvoj,1
trumpnation,1
Daniel Křetínský,1
queen,1
billovi,1
chicagu,1
oze,1
atlantic city,1
volkswagenu,1
Steve Bannon,1
ameriky,1
češi,1
Woods,1
Wizz Air,1
Alexander Nix,1
sověty,1
Francouzi,1
brexitovou dohodu,1
eia,1
donald john trump,1
horizont 2020,1
Iasi,1
jill stein,1
brandwatch,1
severní karolíny,1
suv escalade,1
detroitu,1
vermontu,1
Brazílii,1
Faisal Mahmood,1
Daniel Salvatore Schiffer,1
Salmán Tásír,1
Brazílie,1
The Associated Press,1
mikem pencem,1
Cyril Svozil,1
teltemp,1
zemana,1
republikány,1
Jean-Yves Le Drian,1
Saif ul Malúk,1
mmr,1
paříži,1
Davidem Davis,1
watergate,1
lee green,1
britského Parlamentu,1
Michael Gove,1
radio čas rock,1
Martinem Stropnickým,1
o’brienovi,1
Svoboda a přímá demokracie,1
Ian Robertson,1
Asia Bibiové,1
Umer Jawaed,1
Mini,1
unhcr,1
Karáčí,1
Airbus Group,1
Irsky,1
A320neo,1
godota,1
Seznam Zprávách,1
jiří pospíšil,1
pekingu,1
Oxfordem,1
Litvy,1
David Cameron,1
regionální rada regionu soudržnosti severovýchod,1
řecka,1
Skotská národní strana,1
Tasíra,1
József Váradi,1
pařížská úmluva o ochraně klimatu,1
Nation,1
Severních Irů,1
adam tiouririne,1
Českém rozhlasu Plus,1
Britští lordi,1
Malajsii,1
chase peterson-withorn,1
